loc,plot,tree.no,spp1,dbh.in
KF,1,1,AE,1.6
KF,1,2,BC,9
KF,1,3,BC,12.5
KF,1,4,BC,15.3
KF,1,5,BC,13.3
KF,1,6,BC,7.6
KF,1,7,SM,4.6
KF,1,8,AE,4.6
KF,1,9,AE,12.3
KF,2,1,AE,6.5
KF,2,2,BC,4.9
KF,2,4,BC,10.5
KF,2,5,SM,8.2
KF,2,6,SM,14.3
KF,2,8,BC,10.8
KF,2,9,BC,9.5
KF,2,10,BC,8.5
KF,2,11,WP,8.2
KF,2,13,BC,14.4
KF,3,1,AE,10.1
KF,3,3,SM,5.4
KF,3,5,SM,5.8
KF,3,6,SM,4.1
KF,3,7,SM,9.1
KF,3,8,SM,7
KF,3,10,SM,8.2
KF,3,11,AE,16
AD,4,1,AE,9.6
AD,4,2,HB,17.78
AD,4,3,AE,22.098
AD,4,4,AE,8.89
AD,4,5,AE,7.366
AD,4,6,AE,26.416
AD,4,7,SM,16.51
AD,4,8,AE,5.842
AD,4,9,AE,10.922
AD,4,10,AE,15.494
AD,4,11,HB,12.7
RF,5,1,BC,28
RF,5,3,RM,4.2
RF,5,4,WO,27
RF,5,5,RM,6.3
RF,5,6,RM,3.5
RF,6,1,BC,26.5
RF,6,2,RM,10.3
RF,6,3,RM,6.9
RF,6,4,RM,7
RF,6,6,AE,12.6
RF,6,7,HB,5.7
RF,6,8,RM,17.5
ASGA,7,1,BC,9.9
ASGA,7,2,BC,14
ASGA,7,3,BC,4.7
ASGA,7,4,BC,5
ASGA,8,1,BC,14
ASGA,8,2,TA,10.3
ASGA,8,4,BC,4.2
ASGA,8,5,BC,9.9
RF,9,1,BC,20.5
RF,9,3,AB,4.8
RF,9,4,AB,5.2
RF,9,5,RM,6.1
RF,9,8,RM,6.7
ASGA,10,1,BC,4.3
ASGA,10,2,TA,7.5
ASGA,10,3,TA,6.7
ASGA,10,4,TA,16.4
ASGA,10,5,TA,5.6
ASGA,10,6,TA,5.3
ASGA,10,7,TA,7.7
ASGA,10,8,TA,4.6
ASGA,10,9,RP,8.5
RF,11,1,BC,9.6
RF,11,2,BC,15.7
RF,11,3,AE,9.1
RF,11,4,SM,5.2
RF,11,5,AE,10.6
RF,11,6,AE,38.2
RF,11,7,SM,4.8
RF,11,8,SM,7.3
RF,11,9,AE,5.3
AL,12,1,BC,22.7
AL,12,2,RM,5.6
AL,12,3,RM,4.4
AL,12,4,RM,6.1
AL,12,5,BC,20.1
AL,12,6,RM,7.9
AL,12,7,WO,4.9
AL,12,8,AE,4
AL,12,9,WO,4.9
AL,12,10,WO,4.4
AL,12,11,BC,18.4
AL,12,12,AE,5
AL,12,13,AE,5.2
AL,13,1,BC,15.7
AL,13,2,RM,7.7
AL,13,5,RM,4.5
AL,13,6,BC,5.5
AL,13,7,BC,5.4
AL,13,8,AE,5.3
AL,13,9,RM,7
AL,13,10,RM,9.4
AL,13,11,RM,4.2
AL,13,12,RM,6.6
AL,13,13,RM,4.4
RF,14,1,AB,19.7
RF,14,2,AB,9
RF,14,3,AB,18.7
RF,14,4,SM,16.6
RF,14,5,SM,4
RF,15,1,AB,24.6
RF,15,2,SM,9.4
RF,16,1,AB,16.5
RF,16,2,SM,15.6
RF,16,3,SM,9.9
RF,16,4,SM,10.6
RF,16,5,SM,9.6
RF,17,1,AB,11.3
RF,18,1,AB,7.4
RF,18,2,AB,10.7
RF,18,3,SM,6.6
RF,18,4,SM,12.5
RF,19,1,AB,2.2
RF,19,2,AB,15.5
RF,19,3,AB,9.5
RF,19,4,SM,4.2
RF,19,5,SM,6.3
RF,19,6,AB,15.2
RF,19,7,SM,9.2
RF,19,8,SM,7.5
RF,20,1,AB,31.3
RF,20,2,SM,13.3
RF,20,3,AB,24.6
RF,20,4,SM,5.2
RF,20,5,SM,5.3
RF,21,1,AB,13.7
RF,21,2,AB,16.3
RF,21,3,SM,16.3
RF,21,4,SM,10
RF,22,1,AB,28
RF,22,2,AB,28.8
RF,22,3,SM,7.8
RF,22,4,SM,5.3
RF,23,1,AB,17.3
RF,23,2,SM,9
RF,23,3,SM,6.9
RF,23,4,SM,5.4
RF,24,1,AB,26
RF,24,2,AB,28.1
RF,24,3,SM,8.3
RF,25,1,AB,29.2
RF,25,2,AB,5.2
RF,25,3,AB,7.6
RF,25,4,SM,5.5
RF,26,1,AB,21.2
RF,26,2,AB,4.2
RF,26,3,SM,4.6
RF,26,4,SM,4.8
RF,26,5,SM,5.1
RF,26,6,AB,24.7
RF,26,7,SM,8.7
RF,26,8,SM,4.7
RF,27,1,AB,9.9
RF,27,2,SM,6.4
RF,27,3,SM,7.3
RF,27,4,SM,4.4
RF,27,5,SM,13.4
RF,27,6,AB,25.1
RF,27,7,SM,6.8
RF,27,8,SM,16.9
RF,28,1,AB,5.8
RF,28,2,SM,15.9
RF,28,3,SM,12.8
RF,29,1,AB,3.7
RF,29,2,SM,12.7
RF,29,3,AB,20.7
RF,29,4,AB,4.5
RF,29,5,SM,14.7
RF,29,6,AB,20.7
FBIC,30,1,BF,8.5
FBIC,31,1,BF,11.2
FBIC,32,1,BF,5.8
FBIC,33,1,BF,10.2
FBIC,34,3,BF,6.7
FBIC,34,4,BF,6.4
FBIC,34,6,BF,4.9
FBIC,34,7,BF,5.7
FBIC,34,8,BF,8.1
FBIC,34,9,BF,15.8
FBIC,34,10,WS,16.1
FBIC,34,11,BF,4.8
FBIC,35,1,BF,11.2
FBIC,35,2,BF,12.1
FBIC,35,4,BF,10.5
FBIC,35,6,BF,10.7
FBIC,35,7,BF,10.3
FBIC,35,8,BF,8.5
FBIC,35,9,BF,8.9
FBIC,35,10,TA,12
FBIC,35,11,BF,8.6
FBIC,35,12,BF,11.5
FBIC,36,1,BF,7.2
FBIC,36,2,BF,7
FBIC,36,4,RM,4.6
FBIC,36,5,BF,6.4
FBIC,36,7,BF,5.4
FBIC,36,8,BF,5.6
FBIC,36,9,BF,9.9
FBIC,36,10,BF,8.1
FBIC,36,12,RM,6.3
FBIC,36,14,BF,9.7
FBIC,36,16,RM,4.1
FBIC,37,1,BF,8.4
FBIC,37,4,BF,5
FBIC,37,5,RM,5.3
FBIC,37,6,RM,8.4
FBIC,37,7,RM,7.9
FBIC,37,8,RM,8.5
FBIC,37,9,RM,6.7
FBIC,37,11,RM,6.7
FBIC,37,12,RM,8
FBIC,37,13,RM,7.4
FBIC,38,1,BF,6.4
FBIC,38,4,BF,5.8
FBIC,38,5,BF,4
FBIC,38,6,BF,6.5
FBIC,38,7,WC,13.3
FBIC,38,8,BF,8.5
FBIC,38,9,BF,5
FBIC,38,10,WS,12.2
FBIC,38,11,BF,6
FBIC,38,14,BF,8.2
FBIC,38,15,BF,7
FBIC,39,1,BF,4.5
FBIC,39,2,BF,10.3
FBIC,39,3,BF,4
FBIC,39,4,BF,6.9
FBIC,39,6,RM,5.6
FBIC,39,7,BF,5.5
FBIC,39,10,RM,6.3
FBIC,40,1,BF,4.5
FBIC,40,2,SM,5.6
FBIC,40,3,RM,8.6
FBIC,40,4,BF,4.4
FBIC,40,5,SM,4.3
FBIC,40,6,BF,5.2
FBIC,40,7,SM,6
FBIC,41,1,BF,2.5
FBIC,41,5,RM,6.4
FBIC,41,7,RM,5.3
FBIC,41,8,RM,4.2
FBIC,41,9,RM,5.7
FBIC,41,10,RM,7.2
FBIC,42,1,BF,1.3
FBIC,42,3,BF,7.5
FBIC,42,4,RM,4.2
FBIC,42,5,WS,18
FBIC,42,6,BF,7.1
FBIC,43,1,BF,8.5
FBIC,44,1,BF,4.2
FBIC,44,2,RM,12.5
FBIC,44,3,BF,9.9
FBIC,44,4,RM,6.3
FBIC,44,5,SM,4.8
FBIC,44,6,BF,7.3
FBIC,45,1,BF,6.8
FBIC,45,2,WS,5
FBIC,46,1,BF,2.2
FBIC,47,1,BF,3.3
FBIC,47,2,BF,9.3
FBIC,47,3,TA,5.8
FBIC,47,5,TA,12.4
FBIC,47,6,TA,8.7
FBIC,48,1,BF,3.3
FBIC,48,2,BF,3.2
FBIC,49,1,BF,1.7
FBIC,49,2,BF,2
FBIC,50,1,BF,14
FBIC,50,2,BF,5.6
FBIC,50,3,RM,9
FBIC,50,4,BF,9
FBIC,50,5,BF,4.3
FBIC,50,7,BF,4.6
FBIC,50,8,BF,6.7
FBIC,50,11,BF,6.3
FBIC,50,13,BF,12.4
FBIC,50,14,BF,8.3
FBIC,50,15,BF,16
NB,51,1,BH,8
NB,51,3,WO,4.1
NB,51,4,BH,12.9
NB,51,6,HB,5
NB,51,7,BA,19
NB,51,9,BH,6.4
NB,51,10,BA,9.5
NB,51,11,BH,12.5
NB,52,1,BH,13
NB,52,3,BH,7.9
NB,52,4,WO,4.1
NB,53,1,BH,29.5
NB,53,2,BA,6.9
NB,53,3,AB,5.3
NB,53,4,BA,4.5
NB,53,5,SM,20.8
NB,53,7,RM,4
NB,54,1,BH,19.5
NB,54,2,RO,6.3
NB,54,3,SM,4.5
NB,54,4,SM,5.4
NB,54,5,SM,7.4
NB,54,6,SM,4.9
NB,54,7,SM,5
NB,55,1,BH,15.2
NB,55,2,SM,4
NB,55,3,SM,9.2
NB,55,4,BA,7.1
NB,55,5,BA,11.7
NB,55,6,BH,5.2
NB,55,7,BH,16.8
RF,56,1,BM,26.4
RF,56,2,AB,10
RF,56,3,AB,10.3
RF,56,4,SM,4.2
RF,56,5,SM,26.2
RF,56,6,SM,4.8
RF,57,1,BM,19.4
RF,58,1,BM,8.2
RF,58,2,BM,4.7
RF,58,3,BM,6.1
RF,58,5,BC,7.2
RF,58,6,AE,5.6
RF,58,7,SM,8.2
RF,58,8,SM,10.2
RF,58,9,SM,6.1
RF,59,1,BM,1.6
RF,59,2,BM,4.3
RF,59,3,SM,7.7
RF,59,4,BM,4.9
RF,59,5,BM,5.9
RF,59,6,BC,20
RF,59,7,AE,5.3
RF,59,8,SM,4
NW,60,1,BA,5.5
NW,60,2,HB,4.1
TG,61,1,BA,26.4
TG,61,2,AB,8.8
TG,61,3,SM,7
TG,61,4,RO,4.8
TG,61,5,BA,4.9
TG,61,6,BA,21.8
TG,62,1,BA,18.6
TG,62,2,BA,11
TG,62,3,SM,14.6
TG,62,4,SM,13.5
TG,62,5,RO,5.5
TG,62,6,SM,5.7
TG,62,7,SM,9.8
TG,63,1,BA,10.9
TG,63,2,SM,14.6
TG,63,4,SM,13.5
TG,63,5,SM,9.8
TG,63,6,RO,4
TG,63,7,BA,16.6
TG,64,1,BA,11.6
TG,64,2,SM,4.7
TG,64,3,AB,5.4
TG,64,4,SM,7.3
TG,64,5,SM,5.1
TG,64,6,BA,4.2
TG,64,7,SM,10.3
TG,64,8,AB,9.4
TG,64,9,SM,11
TG,64,10,RO,7.8
TG,64,11,SM,16.5
TG,64,12,SM,10.7
TG,64,13,SM,6.5
TG,64,14,AB,10.5
TG,65,1,BA,21.9
TG,65,2,BA,18
TG,65,4,SM,9.7
TG,65,5,BA,11
TG,66,1,BA,24.2
TG,66,2,BA,9.7
TG,66,3,BA,12.6
TG,66,4,SM,6.6
TG,66,6,SM,7
TG,66,7,BA,6.9
TG,66,8,BA,8.9
TG,66,9,BA,9
TG,66,10,SM,5.2
TG,66,12,SM,6.2
TG,67,1,BA,16
TG,67,2,SM,11.4
TG,67,3,SM,7.1
TG,67,4,SM,4
TG,67,7,BA,8.5
TG,67,8,BA,12.5
TNRC,68,1,BA,28.1
TNRC,68,2,AB,4.7
TNRC,68,3,SM,8.4
TNRC,68,4,SM,12.6
TNRC,68,6,AB,10
TG,69,1,BA,19.6
TG,69,2,SM,21.9
TG,69,3,BA,10
TG,69,4,SM,7.4
TG,70,1,BA,14.5
TG,70,3,BA,6.3
TG,70,4,BA,16.7
TG,70,6,AB,6.3
TG,70,7,BA,11.3
TG,71,1,BA,8.9
TG,71,3,BA,15.1
TG,71,4,SM,5.4
TG,71,5,BA,4.5
TG,71,6,BA,6.6
TG,71,7,SM,4.2
TG,71,8,BA,9.5
TG,71,9,BA,6.8
TG,71,11,BA,3.6
TG,71,12,BA,2.6
TG,71,13,BA,10.8
TG,71,14,BA,11.5
TG,71,16,SM,11.5
LA,72,1,CW,40.9
LA,73,1,CW,11.5
LA,73,2,CW,6
LA,74,1,CW,19.1
LA,74,2,CW,14.1
LA,75,1,CW,14
LA,75,2,CW,19
LA,76,1,CW,18.6
LA,76,2,CW,12.7
LA,76,3,CW,12
LA,76,4,CW,19
LA,76,5,CW,6.5
LA,76,6,BC,5.5
LA,76,8,CW,24.9
LA,76,9,CW,18.9
LA,76,10,BC,8.4
TRC,77,1,CW,9.1
TRC,77,2,CW,20
TRC,77,3,CW,7.9
TRC,77,4,CW,13.1
TRC,77,5,CW,6
TRC,77,6,CW,13.2
TRC,77,7,CW,5.2
TRC,77,8,CW,8
TRC,78,1,CW,6
TRC,78,2,CW,8
TRC,78,3,CW,9.1
TRC,78,4,CW,17.1
TRC,78,5,CW,5.2
TRC,78,6,CW,13.1
TRC,79,1,CW,2.5
TRC,79,2,CW,7.8
TRC,79,4,CW,12.9
TRC,79,5,CW,11.8
TRC,79,6,CW,16
TRC,79,7,CW,13.3
TRC,79,8,CW,9.1
TRC,80,1,CW,8
TRC,80,2,CW,20
TRC,80,3,CW,9.1
TRC,80,4,CW,5.9
TRC,80,5,CW,13.2
TRC,80,6,CW,5.2
TRC,81,1,CW,6.4
TRC,81,2,CW,11
TRC,81,3,CW,7.7
MC,82,1,EL,4
MC,82,2,EL,6.4
MC,82,4,EL,4.5
MC,82,5,EL,5.4
MC,83,1,EL,8
MC,83,2,EL,4.4
MC,83,3,EL,4.3
MC,83,4,EL,5.8
MC,83,5,EL,5.5
MC,83,7,EL,4.3
MC,83,8,EL,4.2
MC,84,1,EL,9.1
MC,84,2,EL,11.9
MC,84,3,EL,6.5
MC,84,4,EL,5.4
MC,84,5,EL,10.2
MC,84,6,EL,7.1
MC,84,8,EL,5.7
MC,85,1,EL,2.1
MC,85,2,EL,6.3
MC,85,3,EL,4.6
MC,85,4,EL,7.6
MC,85,5,EL,6.9
MC,85,6,EL,5.5
MC,86,1,EL,11.1
MC,86,2,TA,5.5
MC,86,3,EL,4.4
MC,86,4,EL,6.4
MC,86,5,EL,5.1
MC,86,6,EL,11.9
MC,87,1,EL,5.3
MC,87,2,EL,11.1
MC,87,3,EL,7
MC,87,4,EL,5.8
MC,87,5,EL,6.8
EL,88,1,EO,26.3
EL,89,1,EO,24.4
NB,90,1,HB,5.1
NB,90,2,BA,10.5
NB,90,4,HB,6.2
NB,90,5,BA,7.1
NB,90,6,BA,14
NB,90,7,BA,10.8
NB,90,8,BA,9.5
NB,91,1,HB,15.7
NB,91,2,HB,21.8
NB,91,3,HB,4.8
NB,91,4,HB,9.9
NB,91,6,HB,6.1
NB,91,7,BA,15.1
NB,91,8,BA,16.2
NB,91,9,HB,8
NB,91,10,HB,6.4
NB,91,13,HB,4
NB,92,1,HB,21.4
NB,92,2,BA,8.1
NB,92,4,HB,4.8
NB,92,5,HB,10
NB,92,7,HB,16.2
NB,92,8,HB,4
NB,92,9,HB,4.6
NB,92,10,BA,10.6
NB,92,11,BA,12.5
NB,93,1,HB,13.5
NB,93,2,HB,11
NB,93,3,BA,12.5
NB,93,4,HB,4.5
NB,93,5,BC,13
NB,93,7,HB,6.7
NB,93,8,HB,8.2
NB,93,9,BA,10.3
NB,94,1,HB,8.8
NB,94,2,HB,5.1
NB,94,3,HB,7.1
NB,94,4,BA,10.5
NB,94,5,HB,7.3
NB,94,7,BA,14.1
NB,94,8,BA,14.8
NB,94,9,HB,4.1
NB,95,1,HB,3.2
NB,95,2,BA,10.4
NB,95,3,BH,7.8
NB,95,4,BA,8.6
NB,95,5,TP,6.9
NB,95,6,BA,7.8
NB,95,7,BA,13.4
NB,95,8,BA,12.5
NB,95,9,HB,5.3
NB,95,10,HB,5.4
NB,96,1,HB,2.1
NB,96,2,RO,7.4
NB,96,3,SM,4.3
NB,96,4,HB,5.6
NB,96,5,SM,6.9
NB,97,1,HB,20.1
NB,97,2,HB,5.2
NB,97,3,HB,5.6
NB,97,5,HB,5.8
NB,97,6,HB,8.3
NB,97,8,HB,15.2
NB,98,1,HB,11.2
NB,98,2,HB,4.6
NB,98,3,HB,8.1
NB,98,4,HB,6.4
NB,98,6,HB,4.5
NB,98,7,BA,12.6
NB,98,8,HB,13.5
NB,98,9,HB,5.5
NB,99,1,HB,10.5
NB,99,2,BA,9.2
NB,99,3,TP,18.9
NB,99,5,BA,14.5
NB,99,6,HB,4.7
LC,100,1,EH,19.9
LC,100,2,EH,12
LC,100,3,EH,14.7
LC,100,4,EH,9.2
LC,100,5,EH,18.4
LC,100,6,EH,8.7
LC,100,7,RM,11.8
LC,100,8,RM,5.6
LC,100,9,RM,11.9
LC,100,10,RM,10.2
LC,100,11,RM,9.8
LC,101,1,EH,4.9
LC,101,2,RM,15.5
LC,101,3,RM,15.9
LC,101,4,EH,9.1
LC,101,5,EH,5.1
LC,101,6,EH,13.9
LC,101,7,EH,16
LC,101,8,EH,15.8
LC,101,9,RM,13.3
LC,101,10,EH,12.2
LC,101,11,RM,8.5
LC,101,12,EH,6.2
LC,101,13,EH,8.9
LC,101,14,RM,24
LC,101,15,RM,18.1
LC,101,16,RM,6.6
LC,101,17,RM,6.2
LC,102,1,EH,2.2
LC,102,2,RM,15.5
LC,102,3,RM,15.9
LC,102,4,EH,13.9
LC,102,5,EH,5.1
LC,102,6,EH,8.9
LC,102,7,EH,15.6
LC,102,8,RM,13.3
LC,102,9,EH,12.2
LC,102,10,RM,8.5
LC,102,11,EH,15.8
LC,102,12,EH,8.9
LC,102,13,RM,24
LC,102,14,EH,4.9
LC,102,15,RM,18.1
LC,102,16,RM,6.6
LC,102,17,RM,6.2
LC,102,18,EH,14.3
LC,103,1,EH,11.6
LC,103,2,RM,17.4
LC,103,3,EH,17
LC,103,4,RM,17.6
LC,103,5,RM,10.7
LC,103,6,RM,14.7
LC,103,7,EH,15.6
LC,103,8,RM,6
LC,104,1,EH,7.2
LC,104,2,RM,22.5
LC,104,3,EH,9.5
LC,104,4,EH,14.5
LC,104,5,EH,10.3
LC,104,6,EH,10.7
LC,104,7,WC,4.1
LC,104,8,RM,14.2
LC,104,9,WC,8.9
LC,104,10,WC,9.3
LC,105,1,EH,10.6
LC,105,2,RM,11.7
LC,105,3,EH,8.4
LC,105,4,EH,12.7
LC,105,5,EH,10.2
LC,105,6,EH,9.1
LC,105,7,RM,11.6
LC,105,8,RM,8.7
LC,105,9,EH,8.1
LC,106,1,EH,6.8
LC,106,3,EH,10.4
LC,106,5,EH,8
LC,106,6,RM,5.8
LC,106,7,EH,6.4
LC,106,9,EH,15.1
LC,106,10,RM,6.2
LC,106,11,RM,6.6
LC,106,12,RM,11.5
LC,106,13,RM,11.2
LC,106,14,RM,4.8
LC,107,1,EH,24.4
LC,107,2,RM,9.3
LC,107,3,RM,9.9
LC,107,4,EH,4.7
LC,107,5,RM,8.8
LC,107,6,RM,12.2
LC,108,1,EH,29.9
LC,108,2,BF,4.6
LC,108,3,WC,4.1
LC,108,4,WC,7.9
LC,108,5,WP,20.3
LC,108,6,EH,9.5
LC,108,7,RM,22.6
LC,108,8,RM,4.4
LC,108,9,RM,21.9
LC,108,10,BF,5.2
LC,109,1,EH,25.9
LC,109,2,WC,9.1
LC,109,3,RM,5.4
LC,109,4,RM,9
LC,109,5,RM,15.8
LC,109,6,EH,12.8
LC,109,7,RM,12.1
LC,110,1,EH,32.3
LC,110,2,BC,22.4
LC,110,3,AB,6.7
LC,111,1,EH,28.9
LC,111,2,SM,4.7
LC,111,3,SM,11.3
LC,111,4,BC,18.7
LC,111,5,SM,15.4
LC,111,6,SM,10.9
LC,111,7,SM,6.8
LC,111,8,SM,16.1
LC,111,9,SM,6
LC,111,10,SM,14.6
LC,111,11,SM,12.7
LC,111,12,SM,4
LC,111,13,SM,8.2
LC,111,14,SM,10.2
LC,112,1,EH,14.6
LC,112,2,EH,6.5
LC,112,3,EH,11.7
LC,112,5,RM,15.6
LC,112,6,RM,16
LC,112,7,EH,5.1
LC,112,8,EH,5.2
LC,112,9,EH,9.1
LC,112,10,EH,14.1
LC,112,11,EH,16.2
LC,112,12,RM,6.4
LC,112,13,RM,6.7
LC,112,14,RM,18.6
LC,112,15,EH,8.3
LC,113,1,EH,21.1
LC,113,2,RM,7
LC,113,3,RM,4.5
LC,113,4,RM,13.8
LC,113,5,EH,6.4
LC,113,6,EH,16.2
LC,113,7,EH,8.9
LC,113,8,EH,4.9
LC,113,9,EH,10.1
LC,114,1,EH,17.7
LC,114,2,RM,8.5
LC,114,3,EH,18.5
LC,114,4,EH,14.2
LC,114,5,EH,17.8
LC,114,6,RM,10.5
LC,114,7,RM,25.2
LC,114,8,EH,10.1
LC,114,9,EH,14
LC,114,10,EH,10.1
LC,114,11,EH,4.7
LC,115,1,EH,15.5
LC,115,3,RM,13.8
LC,115,4,RM,15.7
LC,115,5,RM,9
LC,115,6,EH,11.5
LC,115,7,RM,14.5
LC,115,8,EH,15.8
LC,115,9,RM,9.3
LC,115,10,EH,6
LC,115,11,RM,7.1
LC,115,12,EH,18.6
LC,115,13,RM,10.3
LC,115,14,EH,11.4
EL,116,1,HL,22.7
EL,117,1,HL,18.4
EL,118,1,HL,18
EL,119,1,HL,17
EL,120,1,HL,16.9
EL,121,1,HL,19.5
KF,122,1,SM,2.5
KF,122,2,AE,5.7
KF,122,3,TP,17.4
KF,122,4,TP,14.4
KF,122,5,AE,5.1
KF,122,6,BC,10.3
KF,122,7,AE,13.3
KF,122,8,BC,7.5
KF,123,1,SM,4.6
KF,123,2,SM,4
KF,123,3,AE,4.9
KF,123,4,BC,8.2
KF,123,7,AE,5.8
KF,123,8,BC,7.4
EL,124,1,NS,27.4
EL,124,2,WC,15.8
EL,124,3,NS,51.5
KF,125,2,LZ,10.1
KF,126,2,LZ,11.1
KF,126,3,LZ,8.9
KF,126,5,LZ,8.7
KF,126,6,LZ,9.8
KF,126,7,LZ,9.7
KF,126,8,LZ,5.5
KF,126,10,LZ,10.8
KF,126,11,LZ,13.2
KF,126,12,LZ,15.9
KF,126,13,LZ,8.7
KF,126,14,LZ,7.6
EL,127,1,RM,8.3
KF,127,1,RM,11.9
EL,128,1,RM,14.1
KF,128,1,RM,7.9
KF,129,1,RM,20.7
KF,130,1,RM,4
KF,131,1,RM,13.6
KF,132,1,RM,12.3
KF,133,1,RM,2
KF,134,1,RM,2
KF,135,1,RM,12.2
KF,136,1,RM,9.5
KF,137,1,RM,15.8
KF,138,1,RM,11.4
KF,138,1,RM,12.3
KF,139,1,RM,4.9
KF,140,1,RM,9.9
KF,141,1,RM,30.3
BL,142,1,RM,17
BL,143,1,RM,17.2
KF,144,1,RM,6.8
KF,145,1,RM,14.2
BL,146,1,RM,28.4
BL,147,1,RM,19.1
KF,148,1,RM,25.8
KF,149,1,RM,24.7
KF,150,1,RM,22
MC,151,1,RO,17.4
MC,151,2,WO,21.5
MC,151,3,BC,5.5
MC,151,5,RM,11
MC,151,6,RM,4.3
MC,152,1,RO,1.9
MC,152,2,RO,5.3
MC,152,3,RO,11.7
MC,152,4,BC,21
MC,152,5,RO,5.2
MC,152,7,BC,15.8
MC,152,8,BC,13.8
MC,153,1,RO,4.6
MC,153,3,RO,8.6
MC,153,4,BC,15.5
MC,153,5,RO,12.3
MC,154,1,RO,10.5
MC,154,6,BC,13.9
MC,154,7,RO,8.1
MC,154,8,RO,12.7
MC,155,1,RO,12.3
MC,155,2,RO,4.6
MC,155,3,BC,15.4
MC,155,5,BC,5.5
MC,155,6,RO,18
MC,155,7,RO,6.7
MC,155,8,RO,5.6
MC,155,9,RM,6.1
MC,156,1,RO,5.6
MC,156,2,RO,12.2
MC,156,3,BC,5.4
MC,156,4,RO,6.7
MC,156,6,BC,9.3
MC,156,7,RO,18
MC,156,8,RM,6.2
MC,156,9,RO,6.4
MC,157,1,WO,21.5
MC,158,1,RO,8.5
MC,158,2,RO,8.9
MC,158,3,RO,6
MC,158,4,RO,13.1
MC,158,7,BC,15.6
MC,159,1,RO,25
MC,159,2,RM,6.2
MC,159,4,RM,4.7
MC,159,5,RO,15.3
MC,159,6,RM,6.7
MC,159,7,RM,4.9
MC,160,1,RO,15.7
MC,160,5,BC,5.5
MC,161,1,RO,27.8
MC,161,2,RM,8.9
MC,161,3,RM,6.3
MC,161,4,RM,6.9
MC,161,7,RM,8.5
MC,161,8,RM,4.4
MC,161,9,RM,6
KF,162,1,RO,32.8
KF,162,2,BC,14.7
KF,162,5,BC,4.5
MC,163,1,RO,23.6
MC,163,6,WO,11.2
MC,164,1,RO,14.8
MC,164,2,RO,9.6
MC,164,3,RO,5.2
MC,164,4,RO,4.5
MC,164,5,RO,11.1
MC,164,6,RO,6
MC,164,7,RO,14.9
MC,164,8,RO,4.7
MC,164,9,RO,6.8
MC,164,10,BC,11.8
MC,164,11,RO,8.7
MC,164,13,RO,6.9
MC,164,14,RM,4
MC,164,15,RO,4.9
MC,164,18,RO,13.9
KF,165,1,RO,19.7
KF,165,3,RM,14.2
KF,165,4,RM,11.8
KF,165,5,RM,4.1
RF,166,1,RO,30.8
RF,166,2,SM,4.1
GA,167,1,RP,12
GA,167,2,RP,13.6
GA,167,3,RP,13.9
GA,167,4,RP,15
GA,167,5,RP,13
GA,167,6,RP,15
GA,167,7,RM,6.7
GA,168,1,RP,5.9
GA,168,2,RP,6.4
GA,168,3,BA,3.8
KF,169,1,RP,18
KF,169,2,BF,4.4
KF,169,4,RP,14.4
KF,169,5,RP,8.2
KF,169,8,BF,8.7
KF,169,9,BF,6.8
KF,169,11,RP,5.7
KF,170,1,RP,16
KF,170,2,RP,10
KF,170,3,RP,16.9
KF,170,4,RM,4.5
KF,170,5,TP,6.2
KF,170,6,TP,8.2
KF,170,7,RP,17.6
KF,170,8,RP,14.9
KF,170,9,RM,25.7
KF,170,10,RP,13.5
GA,171,1,RP,9
GA,171,3,RP,8.6
GA,171,4,RP,8.9
GA,171,5,RP,11.4
GA,171,6,RP,8.9
GA,171,7,RP,6.7
GA,171,8,RP,9.5
GA,171,9,RP,9.3
GA,171,11,RP,10
GA,171,12,RP,9
GA,171,13,RP,7.6
GA,172,1,RP,2
GA,172,3,RP,5.2
GA,173,1,RP,2
GA,173,3,RP,4.8
GA,173,4,RP,3.8
GA,173,5,RP,6.5
GA,173,6,RP,4.5
KF,174,1,RP,19.4
KF,174,2,BC,4.5
KF,174,3,RM,5.7
KF,174,4,RP,15.4
KF,174,5,RM,4
WW,175,1,RP,26.8
WW,175,2,RP,15.3
WW,175,3,RP,5.5
WW,175,4,RP,12
WW,176,1,RP,24.4
WW,176,2,RP,24
WW,177,1,RP,22.4
WW,177,2,BF,4.5
WW,177,6,BF,8.2
WW,177,7,BF,5.2
FBIC,178,1,SM,15.3
FBIC,178,2,SM,14.9
FBIC,178,3,SM,8.7
FBIC,178,4,SM,27.8
FBIC,178,5,YB,10.3
FBIC,178,6,SM,9.6
FBIC,178,7,SM,11.8
FBIC,179,1,SM,5.5
FBIC,179,2,SM,18.7
FBIC,179,3,SM,19.5
FBIC,179,4,SM,14.5
FBIC,179,5,SM,10
FBIC,179,6,SM,9.1
FBIC,179,7,SM,15.6
FBIC,180,1,SM,9.8
FBIC,180,2,SM,5.3
FBIC,180,3,SM,13.9
FBIC,180,4,SM,8.5
FBIC,180,5,SM,15.4
FBIC,180,6,SM,6.1
FBIC,180,7,SM,6.2
FBIC,180,8,SM,10.7
FBIC,180,9,SM,5.3
RF,181,1,SM,5.5
RF,181,2,SM,4.3
RF,181,3,SM,10.1
RF,181,4,TP,6
RF,181,5,SM,11.3
RF,181,6,SM,18.9
RF,181,7,SM,21.1
RF,182,1,SM,17.7
RF,182,2,SM,17.7
RF,182,3,BA,4.8
RF,182,4,BA,5.5
RF,182,5,BA,4
RF,182,6,SM,13
RF,183,1,TP,13.4
RF,183,2,TP,15.1
RF,183,3,SM,4.1
RF,183,4,SM,4.3
RF,183,5,SM,14.3
RF,183,6,SM,8.6
RF,184,1,SM,27.5
RF,184,2,AB,6.1
RF,184,3,AB,5.6
RF,184,4,SM,12
RF,184,5,SM,4.6
RF,184,6,AB,17.1
RF,184,7,SM,4
RF,185,1,SM,30.2
RF,185,2,RO,36.5
RF,185,3,SM,4.5
RF,186,1,RM,13
AD,186,1,SM,6.5
RF,186,2,SM,7.6
AD,186,2,HB,17.78
RF,186,3,SM,8.3
AD,186,3,AE,22.098
RF,186,4,SM,14
AD,186,4,AE,8.89
RF,186,5,RM,6.3
RF,186,6,SM,5
RF,186,7,SM,16.8
AD,186,7,AE,10.922
AD,186,8,AE,15.494
RF,186,9,RM,11
AD,186,9,HB,12.7
RF,186,10,RM,7
AD,186,11,AE,5.842
AD,186,12,AE,24.384
RF,187,1,SM,4
RF,187,3,SM,5.2
RF,187,4,SM,7.9
RF,187,5,WO,18.8
RF,187,6,BC,4.9
RF,187,7,AE,7.6
RF,188,1,SM,2.7
RF,188,2,WO,25.7
RF,188,3,SM,5.2
RF,188,4,SM,7.8
RF,188,5,WO,18.8
RF,188,6,SM,8
RF,188,7,BC,4.8
RF,188,8,SM,4
RF,189,1,SM,12.2
RF,189,2,SM,4
RF,189,3,BC,10.4
RF,189,4,RM,7.2
RF,189,5,RM,8.4
RF,189,7,SM,11.8
RF,190,1,SM,14.1
RF,190,2,SM,4.1
RF,190,3,SM,18.4
RF,190,4,SM,13.1
RF,190,5,SM,11.4
RF,190,6,SM,11.4
RF,191,1,SM,15.7
RF,191,2,SM,7.9
RF,191,3,SM,6.3
RF,192,1,SM,32.5
RF,192,3,AB,4.2
RF,192,4,SM,6.4
RF,192,6,AB,6
RF,192,7,SM,5.9
RF,193,1,SM,23.8
RF,193,2,AB,4.1
RF,193,3,SM,13.2
RF,193,4,AB,4.2
RF,193,5,SM,6.1
RF,194,1,SM,22.7
RF,194,2,SM,8.6
RF,194,3,SM,21.1
RF,194,4,SM,9.4
RF,194,5,SM,13.5
RF,194,6,AB,7.4
RF,195,1,SM,25.5
RF,195,2,SM,6
RF,195,3,AE,5.3
RF,195,4,SM,5.2
RF,195,5,SM,7.7
RF,195,6,SM,7.6
RF,195,7,SM,23.7
RF,196,1,SM,20.3
RF,196,3,SM,7.9
RF,196,4,SM,4.1
RF,196,5,TP,11
EL,197,1,SM,15.3
EL,198,1,SM,18.8
EL,199,1,SM,20.6
ASGA,200,1,TA,8.8
ASGA,200,2,TA,8.5
ASGA,200,3,TA,4.3
ASGA,200,4,TA,8.6
ASGA,200,5,TA,11.6
ASGA,200,6,TA,8.4
ASGA,200,7,TA,5.6
ASGA,200,8,TA,9.2
ASGA,200,9,TA,5
ASGA,200,10,TA,7.4
ASGA,200,11,TA,5.5
ASGA,200,12,TA,8.1
ASGA,201,1,TA,11.4
ASGA,201,2,TA,7.1
ASGA,201,3,TA,4
ASGA,201,4,TA,5.4
ASGA,201,5,TA,4.5
ASGA,201,6,TA,8.4
ASGA,201,7,TA,9.2
ASGA,201,8,TA,4.5
ASGA,201,9,TA,9.1
ASGA,201,10,TA,5.5
ASGA,201,11,TA,7.3
ASGA,201,12,TA,8.8
ASGA,201,13,TA,7.9
ASGA,201,14,TA,8.4
ASGA,201,15,TA,5.1
ASGA,202,1,TA,6
ASGA,202,2,TA,6.3
ASGA,202,3,TA,5.6
ASGA,202,4,TA,5.2
ASGA,202,5,TA,6.7
ASGA,202,6,TA,6.2
ASGA,202,7,RP,8.5
ASGA,202,8,BC,4.2
ASGA,202,9,TA,4.6
ASGA,202,10,TA,7.5
ASGA,202,11,TA,7
ASGA,203,1,TA,14.4
ASGA,203,2,TA,4.7
ASGA,203,3,TA,4.1
ASGA,203,4,BC,4.1
ASGA,203,5,RM,9
ASGA,203,7,RM,8.9
ASGA,203,9,TA,4.3
ASGA,203,10,BC,4.2
ASGA,203,11,BC,8.9
ASGA,203,12,TA,4.1
ASGA,204,1,TA,9.1
ASGA,204,2,TA,8.3
ASGA,204,3,TA,4.5
ASGA,204,4,TA,5.8
ASGA,204,5,TA,9.1
ASGA,204,6,TA,4.5
ASGA,204,7,TA,5.1
ASGA,204,8,TA,5.2
ASGA,204,9,TA,7.3
ASGA,204,10,TA,8.9
ASGA,204,11,TA,8.4
ASGA,204,12,TA,11.4
ASGA,204,13,TA,8.6
ASGA,205,1,TA,16.4
ASGA,205,2,TA,7.5
ASGA,205,3,TA,7.3
ASGA,205,4,TA,9.3
ASGA,205,5,TA,8.3
ASGA,205,6,TA,9.6
ASGA,205,7,TA,7.9
ASGA,206,1,TA,2.8
ASGA,206,2,WP,7.9
ASGA,206,3,WP,8.4
ASGA,206,4,TA,5.2
ASGA,206,5,TA,6
ASGA,207,1,TA,4.1
ASGA,207,2,TA,4.7
ASGA,207,3,RM,8.9
ASGA,207,4,RM,9
ASGA,207,5,RM,4.1
ASGA,207,6,TA,14.4
ASGA,207,7,BC,8.9
ASGA,207,8,TA,4.2
NW,208,1,TP,29
NW,208,2,BA,5.9
NW,208,4,SM,6
NW,208,5,SM,10.8
NW,209,1,TP,11.5
NW,209,2,SM,7.7
NW,209,4,AE,4.1
NW,209,6,SM,4
NW,210,1,TP,17.1
NW,210,2,BA,4.1
NW,210,3,SM,4.5
NW,210,4,AE,21.4
NW,210,5,TP,16.5
NW,210,6,AE,4.1
NW,211,1,TP,16.5
NW,211,2,AE,4.1
NW,211,3,TP,17.1
NW,211,4,AE,21.4
NW,211,5,SM,4.5
NW,212,1,TP,26
NW,212,2,AE,4
NW,212,3,TP,4.9
NW,212,4,TP,28.3
NW,213,1,TP,1.8
NW,213,2,SM,10.7
NW,213,4,SM,12.5
NW,213,5,TP,5.6
NW,214,1,TP,6.5
NW,214,2,TP,6.3
NW,214,3,AE,17.9
NW,214,4,SM,12
NW,214,5,SM,4.6
NW,214,6,SM,10.7
NW,215,1,TP,29.4
NW,215,2,TP,25.5
NW,215,3,TP,24.2
NW,215,4,SM,4.4
NW,215,5,TP,20.9
NW,216,1,TP,19.4
NW,216,2,TP,19.8
NW,216,3,BH,4.4
NW,216,4,HB,4.2
NW,216,5,SM,13.2
NW,216,6,TP,22.5
NW,217,1,TP,22.5
NW,217,2,TP,19.4
NW,217,3,HB,4.2
NW,217,4,SM,13.2
NW,218,1,TP,24.7
NW,218,2,TP,24.3
NW,218,3,TP,4.8
NW,219,1,TP,4.7
NW,219,2,AE,4.5
NW,219,3,TP,7.4
NW,219,4,TP,7.5
NW,219,5,TP,8.2
NW,219,6,HB,7.4
NW,219,7,TP,9.3
NW,219,8,TP,4.1
NW,220,1,TP,9.3
NW,220,2,TP,14.6
NW,220,3,TP,4.2
NW,220,4,TP,7.8
NW,220,5,TP,8.2
NW,220,6,AE,4.5
NW,220,7,TP,6.9
NW,220,8,BH,5.7
NW,220,9,HB,4.2
NW,220,10,HB,5.2
NW,220,11,BA,5
NW,221,1,TP,3.8
NW,221,2,SM,11.8
NW,221,3,SM,14.6
NW,221,4,SM,13.7
NW,221,5,SM,10.1
NW,221,6,SM,14.3
NW,222,1,TP,31.7
NW,222,2,AE,19.8
NW,222,3,TP,4.4
NW,222,4,TP,5.7
NW,222,5,HB,5.5
EL,223,1,UP,21.6
EL,224,1,UP,14.8
EL,224,3,UP,15.6
EL,225,1,UP,21.1
EL,225,2,UP,16.2
EL,225,3,UP,23.9
LC,226,1,WC,6.1
LC,226,2,EH,19.2
LC,226,3,WC,13.1
LC,226,4,EH,7.2
LC,226,5,WC,6.3
LC,226,6,EH,8.3
LC,226,7,WC,9.9
LC,226,8,WC,9.1
LC,226,9,WC,8.7
LC,226,10,RM,12.4
LC,226,11,WC,5
LC,226,12,WC,11
LC,226,13,WC,7.8
LC,226,14,EH,19.6
LC,226,15,EH,17.5
LC,227,1,WC,4.6
EL,227,1,WC,12.1
LC,227,2,EH,4.5
LC,227,3,EH,6.2
EL,227,3,WC,31.5
LC,227,4,EH,4.8
LC,227,5,WC,6
LC,227,6,EH,12.9
LC,227,7,WC,4.3
LC,227,8,WC,7.7
LC,227,9,RM,17.3
LC,227,11,EH,8.4
LC,227,12,EH,13.6
LC,227,13,EH,11.8
LC,227,14,EH,9.9
LC,227,15,EH,4.2
LC,227,16,WC,7.8
LC,228,1,WC,7.8
LC,228,2,RM,8.2
LC,228,3,RM,17.2
LC,228,6,RM,9.9
LC,228,7,EH,18.5
LC,228,9,RM,9.3
LC,229,1,WC,10.1
LC,229,2,WC,9.6
LC,229,4,WC,12.2
LC,229,5,WC,9.1
LC,229,6,EH,8.8
LC,229,7,EH,5.3
LC,229,8,WC,4.8
LC,229,9,WC,4.7
LC,229,11,WC,6.3
LC,229,13,EH,11.9
LC,229,14,EH,15.5
LC,229,15,EH,6.8
LC,229,16,RM,16.9
LC,230,1,WC,13.6
LC,230,2,WC,5.6
LC,230,3,WC,6.9
LC,230,4,WC,7.5
LC,230,5,WC,6.3
LC,230,6,WC,4.5
LC,230,7,EH,13.6
LC,230,8,WC,5.1
LC,230,9,WC,7.5
LC,230,10,WC,6.3
LC,230,11,RM,10.1
LC,230,12,WC,9
LC,230,13,EH,4.2
LC,230,15,WC,4.1
LC,230,16,EH,22.2
LC,231,1,WC,11.9
LC,231,2,SM,9.4
LC,231,5,WC,11.9
LC,231,6,YB,5.5
LC,231,7,TA,12.4
LC,231,9,BF,11.1
LC,231,11,BF,6.3
LC,231,13,RM,8.1
LC,231,14,RM,11.8
LC,231,15,WC,7.4
LC,232,1,WC,19.8
LC,232,2,WC,14.5
LC,232,3,RM,9.2
LC,232,5,BF,5.5
LC,232,6,BC,8.9
LC,232,7,BC,7.5
LC,232,8,BF,16.4
LC,232,9,BC,9.8
LC,232,10,RM,15.8
LC,233,1,WC,18.6
LC,233,3,RM,16.7
LC,233,4,BC,9
LC,233,5,RM,8
LC,233,6,RM,11
LC,233,7,WC,16.1
LC,233,9,RM,10.1
LC,233,10,RM,2.7
LC,233,11,TA,11
MC,234,1,WO,4
MC,235,1,WO,27.2
MC,235,2,RM,4.8
MC,235,3,RM,5.7
MC,235,4,WO,19.3
MC,235,5,RM,4.3
MC,235,6,RM,4.6
MC,235,8,SM,4.6
MC,236,1,TP,23.3
MC,236,2,BC,9.7
MC,236,3,BC,5.2
MC,237,1,WO,16.4
MC,237,2,BC,12.6
MC,237,3,RM,8.3
MC,237,4,BC,4.8
MC,237,5,BC,4
MC,237,6,BC,5
MC,237,7,BC,4.1
MC,237,8,RO,17.2
MC,237,9,BC,5.4
MC,238,1,WO,17.9
MC,238,2,BC,4.2
MC,238,3,RM,5.9
MC,238,5,BC,4.3
MC,238,6,RM,8.5
MC,238,7,BC,12.6
MC,238,8,BC,6.6
MC,238,9,BC,16.6
MC,238,10,BC,6.5
MC,239,1,WO,13.5
MC,239,3,BC,6.2
MC,239,6,RM,4.3
MC,239,7,RO,9.6
MC,239,8,RO,10.3
MC,240,1,WO,5.9
MC,240,2,BC,10.6
MC,240,3,RM,6.2
MC,240,5,BC,17.5
MC,240,9,BC,7.8
MC,240,11,RO,24.1
MC,241,1,WO,19.3
MC,241,4,BC,4.7
MC,241,5,BC,5.2
MC,242,1,WO,21.3
MC,242,4,BC,4.9
MC,243,1,WO,11
MC,243,2,BC,4.7
MC,244,1,WO,11.3
MC,244,2,RM,4
MC,244,3,RM,7.6
MC,244,4,RM,5
MC,244,5,WO,5.7
MC,245,1,WO,2.5
MC,245,2,RM,4.5
MC,245,3,RM,8.3
MC,245,5,BC,15.6
MC,245,9,BC,11.3
MC,246,1,WO,31.5
MC,246,2,WO,23.9
MC,246,3,BC,6.8
MC,246,4,BC,10.3
MC,247,1,WO,29.2
MC,247,2,WP,9.8
MC,247,3,WP,9.9
MC,247,4,RM,5.8
MC,247,5,WP,9.8
MC,247,6,RM,7.5
MC,247,7,WP,7.1
MC,247,8,RM,8.3
MC,247,9,WP,9.1
MC,247,10,WP,9.6
MC,247,11,WO,18.9
MC,247,12,WP,4.8
MC,247,13,WP,7
MC,248,1,WO,25.4
MC,248,2,BC,8.1
ASGA,249,1,WP,2.6
ASGA,249,2,WP,11.1
ASGA,249,3,WP,10
ASGA,249,5,WO,5.7
ASGA,249,6,WO,6.8
ASGA,249,7,WO,5.6
ASGA,250,1,WP,4.5
ASGA,250,2,WO,5.5
ASGA,250,3,WP,10.3
ASGA,250,5,WP,8.2
ASGA,250,8,WP,14
ASGA,250,9,WO,5.2
ASGA,250,10,WO,9.5
ASGA,251,1,WP,16.5
ASGA,251,2,WP,12.1
ASGA,251,3,WP,9
ASGA,251,4,WO,8.9
ASGA,252,1,WP,20.3
ASGA,252,2,WO,6.2
ASGA,252,3,WP,17.5
ASGA,253,1,WP,9.7
ASGA,253,2,WP,7
ASGA,253,4,WP,8.5
ASGA,253,5,WP,5.5
ASGA,253,7,WP,5.1
ASGA,253,8,WP,4.5
ASGA,254,1,RP,12.5
ASGA,254,2,WP,6
ASGA,254,3,WP,10
ASGA,254,5,WP,8.8
ASGA,254,6,WO,8.2
ASGA,254,7,WO,10.4
ASGA,255,1,WP,32
ASGA,255,2,WP,4.5
ASGA,255,3,WP,6
ASGA,255,4,WP,7.1
ASGA,255,5,WP,6.1
ASGA,256,1,WP,25.6
ASGA,256,2,WP,7.1
ASGA,256,3,WP,7.8
ASGA,256,4,WP,5
ASGA,256,5,WP,5.2
ASGA,256,6,WP,5
ASGA,256,7,WP,5.1
ASGA,256,8,WP,7.4
ASGA,256,9,WP,4.6
ASGA,256,10,WP,5.1
ASGA,256,11,WP,4.9
ASGA,256,12,WP,5
ASGA,256,13,WO,6.1
ASGA,256,14,WO,4.8
ASGA,256,15,WP,4.5
ASGA,256,16,WP,4.3
ASGA,256,17,WO,4.1
ASGA,257,1,WP,5.8
ASGA,257,2,WP,14
ASGA,257,4,WP,8.3
ASGA,257,5,WO,8.1
ASGA,257,6,WO,9.1
ASGA,257,7,WO,8.5
ASGA,257,8,WP,8.4
ASGA,257,9,WP,14
ASGA,258,1,WP,24
ASGA,258,2,WP,6.6
ASGA,258,3,WP,4.4
ASGA,258,4,WO,12.5
ASGA,258,5,WP,4.9
ASGA,258,6,BC,9.6
ASGA,258,7,WP,4.9
ASGA,258,8,WP,4.7
ASGA,258,9,WP,5.2
ASGA,258,10,WO,7.9
ASGA,258,11,WO,9.6
ASGA,258,12,WP,19.3
ASGA,258,13,WP,5.8
ASGA,259,1,WP,8.3
ASGA,259,2,WO,9.9
ASGA,259,5,WO,7.8
ASGA,260,1,WP,30.9
ASGA,260,3,WP,5.5
ASGA,260,4,WP,6.4
ASGA,260,5,WP,5
ASGA,260,6,WP,4.2
ASGA,260,7,WP,4.4
ASGA,260,8,WP,6.2
ASGA,260,9,WP,4.3
ASGA,260,10,WP,4.2
ASGA,260,11,WP,7.8
ASGA,260,12,WP,6.9
ASGA,261,1,WP,14.7
ASGA,261,2,WO,5.4
ASGA,261,3,WP,8.5
ASGA,261,4,WO,8.7
ASGA,262,1,WP,22.4
ASGA,262,2,WO,9.5
ASGA,262,3,WP,4.5
ASGA,262,4,WO,7.1
ASGA,262,6,WP,5.4
ASGA,262,7,WP,5.2
ASGA,262,8,WP,4
ASGA,262,9,WP,20.6
ASGA,263,1,WP,18.2
ASGA,263,2,AE,10.5
ASGA,263,3,WO,6
ASGA,264,1,WP,28.7
ASGA,264,2,WP,7.3
ASGA,264,3,WP,4.6
ASGA,264,4,WP,7
ASGA,264,5,WP,5.8
ASGA,264,6,WP,4.3
ASGA,264,7,WP,4.6
ASGA,264,8,WP,13.1
ASGA,264,9,WP,4.5
ASGA,264,10,WP,5.8
ASGA,264,11,WP,4.1
ASGA,264,12,WP,4
ASGA,264,13,WP,5.8
KF,265,1,WS,11.5
KF,265,2,WS,12.9
KF,265,3,WS,13.2
KF,265,4,WS,17.9
KF,265,5,WS,25.2
KF,265,7,WS,16.3
KF,265,8,WS,10.5
KF,265,9,WS,12
KF,265,10,WS,15.5
KF,265,12,WS,9.9
KF,265,13,WS,13.4
KF,265,15,WS,16.2
KF,266,1,WS,13.1
KF,266,2,WS,19.4
KF,266,3,WS,18.1
KF,266,5,WS,26
KF,266,6,WS,11.4
KF,266,8,WS,10
KF,266,10,WS,13.9
KF,266,11,WS,17.3
KF,266,12,WS,8.4
KF,266,13,WS,16.4
KF,266,14,WS,16.5
KF,266,15,WS,12.9
EL,267,1,WS,11.1
EL,268,1,WS,12.5
FBIC,269,1,WS,7.1
FBIC,269,2,BF,5.9
FBIC,269,4,WS,4.7
FBIC,270,1,WS,3.5
FBIC,270,3,BF,6.3
FBIC,271,1,WS,2.7
FBIC,271,2,BF,6.1
FBIC,271,3,BF,4.7
FBIC,271,6,BF,4.2
FBIC,271,7,SM,9.1
FBIC,271,8,BF,6
FBIC,271,9,SM,7.7
FBIC,271,10,BF,4.2
FBIC,271,12,BF,4.8
FBIC,271,13,BF,4.2
FBIC,271,14,SM,14.6
FBIC,271,15,SM,5.1
FBIC,271,16,SM,5.2
FBIC,271,17,SM,4.8
FBIC,272,1,WS,5.9
FBIC,272,2,SM,11.5
FBIC,272,3,BF,6.4
FBIC,272,4,WS,5.5
FBIC,272,5,BF,4.7
FBIC,272,6,BF,6.1
FBIC,272,11,SM,9.6
FBIC,273,1,WS,11.8
FBIC,273,3,WS,16.3
FBIC,273,4,SM,11.1
FBIC,274,1,WS,16
FBIC,274,2,WS,11.8
FBIC,274,4,BF,5
FBIC,274,5,BF,6.6
FBIC,275,1,WS,20.3
FBIC,275,2,WS,5.9
FBIC,275,3,BF,5
KF,276,1,YB,2.3
KF,276,2,YB,5.7
KF,276,3,YB,5.1
KF,276,4,YB,7.6
KF,276,5,YB,8.7
KF,276,6,YB,8.1
KF,276,7,YB,5
KF,276,8,YB,5.4
KF,276,9,YB,6.1
KF,276,10,YB,4.9
KF,276,11,YB,5.9
KF,276,12,YB,8
KF,276,13,YB,4.1
KF,276,14,YB,5.3
KF,276,15,YB,6.5
KF,276,16,YB,4.1
KF,276,17,YB,4.8
KF,276,18,YB,6.8
KF,276,19,YB,6.1
KF,276,20,YB,8.7
KF,276,21,YB,5.9
KF,276,22,YB,8.2
KF,276,23,YB,5.6
KF,276,24,YB,5.9
KF,276,25,YB,6.9
KF,276,26,YB,6.5
KF,276,27,YB,5.7
KF,276,28,YB,6.5
KF,276,29,YB,6.3
KF,277,1,YB,5.3
KF,277,2,YB,8.7
KF,277,3,YB,7.5
KF,277,4,YB,3.6
KF,277,5,YB,5
KF,277,6,YB,6
KF,277,7,YB,5
KF,277,8,YB,5.9
KF,277,9,YB,7.8
KF,277,10,YB,5.3
KF,277,11,YB,6.5
KF,277,12,YB,4.1
KF,277,13,YB,4.9
KF,277,14,YB,6.5
KF,277,15,YB,6
KF,277,16,YB,6
KF,277,17,YB,5.5
KF,277,18,YB,5.8
KF,277,19,YB,5.9
KF,277,20,YB,6.5
KF,277,21,YB,8.7
KF,277,22,YB,8.1
KF,277,23,YB,6.5
KF,277,24,YB,6.8
KF,277,25,YB,6.6
KF,277,26,YB,5.5
KF,277,27,YB,6.5
KF,277,28,YB,6.2
KF,277,29,YB,5.7
KF,277,30,YB,5
KF,277,31,YB,7.7
KF,278,1,YB,11.8
KF,278,2,YB,9.6
KF,278,5,YB,6.2
KF,278,6,YB,5.5
KF,278,7,YB,7.8
KF,278,8,YB,7
KF,278,9,YB,5.5
KF,278,10,YB,5.6
KF,278,11,YB,6.9
KF,278,12,YB,6
KF,278,13,YB,10.1
KF,278,14,YB,6.5
KF,279,1,YB,9.5
KF,279,2,YB,4.6
KF,279,3,YB,7.7
KF,279,4,YB,4.6
KF,279,5,YB,8
KF,279,6,YB,4.8
KF,279,7,YB,6.6
KF,279,8,YB,5.3
KF,279,9,YB,6.4
KF,279,11,YB,4.4
KF,279,13,YB,7.5
KF,279,14,YB,5.8
KF,279,15,YB,6.2
KF,279,16,YB,6.4
KF,279,17,YB,5.7
KF,279,18,YB,6.4
KF,279,20,YB,7.4
KF,279,21,YB,4.6
KF,279,23,WO,4.3
KF,279,24,YB,5.2
KF,279,25,YB,5.2
KF,279,26,YB,4.7
